title,originallink,link,description,pubDate
이런 한식 파스타 보셨나요?…30일 '생방송 투데이' 퇴근길 맛집은?,https://www.wikitree.co.kr/articles/1134515,https://www.wikitree.co.kr/articles/1134515,"여기에 포모도르 파스타, <b>알리오올리오</b> 파스타, 버섯크림치즈 파스타 등 전통적인 이탈리안 메뉴도 함께... 집에서도 따라 해보는 '한식 파스타' 간단 <b>레시피</b> 한식 파스타는 집에서도 비교적 쉽게 시도할 수 있다. 간단한... ","Thu, 30 Apr 2026 17:04:00 +0900"
"[미슐랭 스토리] 미식가들이 꾸준히 찾는 이유, 서래마을 ‘줄라이’",https://cooknchefnews.com/news/view/1065584026060291,https://cooknchefnews.com/news/view/1065584026060291,"특히 소스에서 이러한 특징이 두드러지는데, 기존의 <b>레시피</b>에 새로운 재료를 더하거나 조합을 변형해... 한우타르타르, <b>알리오올리오</b>, 옥돔, 양등심, 흑맥주티라미수로 이어지는 디너코스를 운영한다. 런치코스는... ","Mon, 27 Apr 2026 18:06:00 +0900"
첫 미니앨범 컴백 승한앤소울 &quot;앞으로도 잘해보고 싶어요&quot;[일문일답],https://www.nocutnews.co.kr/news/6508726?utm_source=naver&utm_medium=article&utm_campaign=20260427031708,https://m.entertain.naver.com/article/079/0004141129,"누군가에게 보여줄 만한 퀄리티는 아니지만 최근에 만든 건 오므라이스, <b>알리오올리오</b>, 스테이크인데… 사실 <b>레시피</b>를 정확히 따르기보다 감으로 요리하는 편이에요. 그래도 요리하면서 섬세해지고 있는 거 같아요.... ","Mon, 27 Apr 2026 15:18:00 +0900"
'컴백' 승한 &quot;'보는 맛' 장착한 퍼포먼스 기대 부탁&quot;,https://news.jtbc.co.kr/article/NB12295962?influxDiv=NAVER,https://m.entertain.naver.com/article/437/0000489123,"누군가에게 보여줄 만한 퀄리티는 아니지만 최근에 만든 건 오므라이스, <b>알리오올리오</b>, 스테이크인데… 사실 <b>레시피</b>를 정확히 따르기 보다 감으로 요리하는 편이에요. 그래도 요리하면서 섬세해지고 있는 거 같아요.... ","Mon, 27 Apr 2026 14:34:00 +0900"
"승한 &quot;승한앤소울, 앨범 전체가 내 스타일…팬들 반응 기대 커&quot; [일문일...",https://www.slist.kr/news/articleView.html?idxno=735026,https://www.slist.kr/news/articleView.html?idxno=735026,"누군가에게 보여줄 만한 퀄리티는 아니지만 최근에 만든 건 오므라이스, <b>알리오올리오</b>, 스테이크인데… 사실 <b>레시피</b>를 정확히 따르기 보다 감으로 요리하는 편이에요. 그래도 요리하면서 섬세해지고 있는 거 같아요.... ","Mon, 27 Apr 2026 12:08:00 +0900"
"&quot;함께하는 순간, 빛난다&quot;…승한, 첫 컴백의 진심 (일문일답)",http://www.dispatch.co.kr/2341916,https://m.entertain.naver.com/article/433/0000127029,"누군가에게 보여줄 만한 퀄리티는 아니지만 최근에 만든 건 오므라이스, <b>알리오올리오</b>, 스테이크인데… 사실 <b>레시피</b>를 정확히 따르기 보다 감으로 요리하는 편이에요. 그래도 요리하면서 섬세해지고 있는 거 같아요.... ","Mon, 27 Apr 2026 12:06:00 +0900"
‘컴백’ 승한 “‘글로우’ 내적 댄스 못 참을 것…내 음악은 흰색” ...,https://isplus.com/article/view/isp202604270068,https://m.entertain.naver.com/article/241/0003507238,"누군가에게 보여줄 만한 퀄리티는 아니지만 최근에 만든 건 오므라이스, <b>알리오올리오</b>, 스테이크인데… 사실 <b>레시피</b>를 정확히 따르기 보다 감으로 요리하는 편이에요. 그래도 요리하면서 섬세해지고 있는 거 같아요. 만약... ","Mon, 27 Apr 2026 11:25:00 +0900"
‘컴백 D-DAY’ 승한의 각오 [일문일답],https://www.bntnews.co.kr/article/view/bnt202604270144,https://www.bntnews.co.kr/article/view/bnt202604270144,"누군가에게 보여줄 만한 퀄리티는 아니지만 최근에 만든 건 오므라이스, <b>알리오올리오</b>, 스테이크인데… 사실 <b>레시피</b>를 정확히 따르기 보다 감으로 요리하는 편이에요. 그래도 요리하면서 섬세해지고 있는 거 같아요.... ","Mon, 27 Apr 2026 11:18:00 +0900"
&quot;바질 비켜!”…알고 보니 달래는 파스타 재료였던 건에 관하여 [FOOD+],https://www.segye.com/newsView/20260422510891?OutUrl=naver,https://n.news.naver.com/mnews/article/022/0004123398?sid=103,◆ 봄 향기 머금은 ‘달래 페스토’ 최근에는 달래를 서양식 <b>레시피</b>에 접목한 이색 요리가 주목받고 있다.... 구글 '제미나이' 생성 이미지 ◆ <b>알리오올리오</b>의 변신? ‘달래 오일 파스타’ <b>알리오올리오</b>를 변형한 ‘달래... ,"Fri, 24 Apr 2026 10:23:00 +0900"
우리 집이 '파인 다이닝' … 눈과 입 다 잡은 '홈 미식' 소확행,https://biz.newdaily.co.kr/site/data/html/2026/04/10/2026041000087.html,https://biz.newdaily.co.kr/site/data/html/2026/04/10/2026041000087.html,'컬리온리 밀키트 '상품으로는 신사동 포노부오노 히든천재의 <b>알리오올리오</b>파스타 등 스타 셰프 <b>레시피</b>로 만들어진 제품들이 인기를 끌고 있다. 먹는 것에서 그치지 않고 테이블웨어를 꾸미는 소비자들도 늘고 있다.... ,"Sun, 12 Apr 2026 06:02:00 +0900"
"'환승연애2' 성해은, 20kg 감량 성공 비법 뭔가 봤더니 &quot;버섯 먹고 허리...",https://www.tenasia.co.kr/article/2026040121384,https://m.entertain.naver.com/article/312/0000754009,"이후 두부 유부초밥과 단백질 <b>알리오 올리오</b> 등 다이어트 <b>레시피</b>를 소개했다. 특히, 그는 과거 바디프로필 촬영을 준비했음을 언급하며 당시 몸매 관리를 위해 버섯을 즐겨 먹었다고 전했다. 함께 공개된 바디프로필... ","Wed, 01 Apr 2026 18:41:00 +0900"
"뷔, 파스타에 '이 소스' 넣는다는데… 통풍 환자는 주의해야?",https://kormedi.com/?p=2802882,https://n.news.naver.com/mnews/article/296/0000099083?sid=103,"BTS 뷔가 자신만의 <b>알리오 올리오</b> 파스타 <b>레시피</b>를 공개했다. 지난 29일 유튜브 채널 '요정재형'에 뷔가 게스트로 등장했다. MC 정재형이 과거 예능 프로그램 '서진이네'에 출연 당시 힘들지 않았냐고 묻자, 뷔는 &quot;촬영이... ","Tue, 31 Mar 2026 11:05:00 +0900"
토마토 그냥 먹지 말고 '이 가루' 한번 뿌려 보세요…가족들이 젓가락 ...,https://www.wikitree.co.kr/articles/1126918,https://www.wikitree.co.kr/articles/1126918,"유튜브 '냠냠부부<b>레시피</b>'에 따르면, 먼저 토마토 3개, 부추 한줌, 양파 1/4개를 준비한다. 이 재료들을 먹기... 파스타의 경우, <b>알리오 올리오</b>나 까르보나라처럼 오일과 크림 베이스의 요리에 토마토김치를 고명으로 얹으면... ","Sat, 28 Mar 2026 17:00:00 +0900"
집에서 장조림 만들 때 '이 가루' 꼭 넣어 보세요…가족들이 숟가락 들...,https://www.wikitree.co.kr/articles/1125980,https://www.wikitree.co.kr/articles/1125980,"하지만 이번에는 이 <b>레시피</b>를 따라해 보자. 오늘 저녁, 가족들을 위해 혹은 나 자신을 위한 든든한 일주일... 가득한 <b>알리오 올리오</b>가 완성된다. 고기 요리의 경우, 팬에 남은 육즙에 장조림 간장과 레드 와인 혹은 발사믹... ","Wed, 18 Mar 2026 16:20:00 +0900"
"'파인 다이닝·<b>알리오올리오</b>'의 유명세, 이 드라마에서 시작했다",https://www.ohmynews.com/NWS_Web/View/at_pg.aspx?CNTN_CD=A0003214993&CMPT_CD=P0010&utm_source=naver&utm_medium=newsearch&utm_campaign=naver_news,https://m.entertain.naver.com/article/047/0002508206,특히 서유경(공효진 분)이 남다른 애착을 가진 음식이었던 <b>알리오 올리오</b>는 드라마의 인기와 함께... 자신의 <b>레시피</b>를 스승에게 인정받으면서 과거의 굴레에서 벗어난다. 클래지콰이 프로젝트의 객원보컬 출신으로 &lt;내... ,"Mon, 16 Mar 2026 13:41:00 +0900"
"'33억 건물주' 권성준, 요리책 출간·식당 운영···남은 건 유튜브 채...",http://www.osen.co.kr/article/G1112754842,https://m.entertain.naver.com/article/109/0005488544,"'공부왕찐천재 홍진경' 흑백요리사 시즌1 우승자 권성준 셰프가 홍진경을 위해 자신만의 <b>레시피</b>를 아낌없이... 내가 미안해서 낫폴리맛피아 권성준이 이탈리아 세프 전문가니까, 토마토 파스타, <b>알리오올리오</b> 두 가지만... ","Fri, 06 Mar 2026 07:19:00 +0900"
"'33억 건물주' 나폴리 맛피아 권성준, 손종원 부럽지 않은 스펙 &quot;요리책...",http://www.osen.co.kr/article/G1112754843,https://m.entertain.naver.com/article/109/0005488526,"이날 권성준 셰프는 평생 한식만 만들어 본 홍진경을 위해 자신의 <b>레시피</b>와 자신만의 팁을 아낌없이... 내가 미안해서 낫폴리맛피아 권성준이 이탈리아 세프 전문가니까, 토마토 파스타, <b>알리오올리오</b> 두 가지만 배워도... ","Fri, 06 Mar 2026 06:27:00 +0900"
"'33억 건물주' 나폴리 맛피아 권성준, 요리책까지 출간 &quot;더 대박 나길&quot;(...",http://www.osen.co.kr/article/G1112754841,https://m.entertain.naver.com/article/109/0005488283,"'공부왕찐천재 홍진경' 흑백요리사 시즌1 우승자 권성준 셰프가 홍진경에게 이탈리안 요리 두 가지 <b>레시피</b>를... 내가 미안해서 낫폴리맛피아 권성준이 이탈리아 세프 전문가니까, 토마토 파스타, <b>알리오올리오</b> 두 가지만... ","Thu, 05 Mar 2026 19:42:00 +0900"
"“소명과도 같은 서울 음식, 엄마의 마음으로 만들어요”",https://woman.donga.com/3/all/12/6118699/1,https://woman.donga.com/3/all/12/6118699/1,"우정욱 셰프의 ‘수퍼’ <b>레시피</b> 김페스토 낙지무침 Ingredients 김페스토 곱창김 20장, 소주 10ml, 마늘 5쪽, 생강... 3 ②의 <b>알리오올리오</b> 파스타 위에 곱게 간 보타르가를 듬뿍 뿌린다. #흑백요리사2 #우정욱 #수퍼판 #여성동아... ","Tue, 03 Mar 2026 07:02:00 +0900"
[오늘 뭐 먹지] 매일유업·던킨·롯데웰푸드 외,http://www.newsprime.co.kr/news/article.html?no=725319,http://www.newsprime.co.kr/news/article.html?no=725319,"제품별 특성에 맞춘 <b>레시피</b>로 맛과 품질을 강화했다. '식사이론 깔끔한 우리밀 고기야채물만두'는 우리밀... 토마토 베이스 소스는 물론 <b>알리오 올리오</b>, 까르보나라 등 다양한 파스타에 활용하기 좋다. 100g당 단백질 13g... ","Wed, 25 Feb 2026 11:06:00 +0900"
“집에서 먹기엔 이게 딱” 강레오가 꼽은 '덜' 알려진 롯데마트 제품,https://www.asiatoday.co.kr/view.php?key=20260205010001937,https://www.asiatoday.co.kr/view.php?key=20260205010001937,롯데마트 푸드이노베이션 센터장을 맡고있는 강레오 셰프가 자신의 유튜브 채널을 통해 <b>알리오 올리오 레시피</b>를 공개하며 롯데마트 제품에 대한 평가를 내놨다. 강레오 셰프는 최근 자신의 유튜브 계정에 '강레오... ,"Thu, 05 Feb 2026 11:02:00 +0900"
"&quot;간장·양념&quot;…'편스토랑' 김준현, 반반삼겹살-돼지기름 <b>알리오올리오</b>-...",https://www.topstarnews.net/news/articleView.html?idxno=15951533,https://www.topstarnews.net/news/articleView.html?idxno=15951533,"'편스토랑' 김준현이 반반삼겹살과 돼지기름 <b>알리오올리오</b>, 감자밥 <b>레시피</b>를 공개했다. 지난달 30일 오후 방송된 KBS2 '신상출시 편스토랑' 307회에는 반반삼겹살과 돼지기름 <b>알리오올리오</b>, 감자밥을 만든 김준현의... ","Mon, 02 Feb 2026 21:54:00 +0900"
'편스토랑' 김준현 양념새우젓소스·삼겹살<b>레시피</b>,https://www.bntnews.co.kr/article/view/bnt202601300213,https://www.bntnews.co.kr/article/view/bnt202601300213,'편스토랑' 김준현 반반삼겹살 <b>레시피</b>'편스토랑' 김준현 삼겹살 사합 구이 <b>레시피</b>'편스토랑' 김준현 슈퍼푸드 돼지기름 <b>알리오올리오</b> 파스타 <b>레시피</b>'편스토랑' 양념 새우젓 소스 <b>레시피</b>'편스토랑' 감자밥 <b>레시피</b>,"Fri, 30 Jan 2026 20:50:00 +0900"
파스타 면은 반으로 똑 자르세요…비싼 레스토랑 굳이 갈 필요 없습니다,https://www.wikitree.co.kr/articles/1113488,https://www.wikitree.co.kr/articles/1113488,<b>알리오 올리오</b> 파스타 <b>레시피</b>는 다음과 같다. 먼저 파스타 면을 똑 잘라 그릇에 담는다. 물 넣고 소금 두 꼬집을 넣는다. 올리브오일을 한 바퀴 두른다. 전자레인지에 8분 돌려 면을 익힌다. 익은 파스타 면을 따로 건져낸... ,"Wed, 28 Jan 2026 14:04:00 +0900"
"[비건 Q&amp;A]⑦오늘 저녁부터 바로 쓰는 비건 요리, <b>레시피</b>와 외식 생활 1...",https://www.vegannews.co.kr/news/article.html?no=381325,https://www.vegannews.co.kr/news/article.html?no=381325,"비건 2000선 연재 제7부 비건 요리·<b>레시피</b>·외식 생활편, No. 601~700 이 연재는 비건뉴스가 입문자 관점에서 꼭... 토마토 베이스(마리나라), 올리브오일 베이스(<b>알리오올리오</b>), 채소·견과 크림 베이스(캐슈 크림)처럼 구조가... ","Sat, 24 Jan 2026 10:36:00 +0900"
미식 콘텐츠의 힘…‘흑백요리사2’가 키운 셰프 중심 마케팅,https://www.dailian.co.kr/news/view/1591730/?sc=Naver,https://n.news.naver.com/mnews/article/119/0003043588?sid=101,"영상에는 권 셰프가 자신만의 <b>레시피</b> 북을 펼쳐 요리에 대한 깊은 철학을 담아 신메뉴를 고민하고 연구하는... 부오노’의 <b>알리오올리오</b>도 출시한 바 있다. 또, 12월 18일부터 21일까지 진행되는 오프라인 미식축제... ","Thu, 01 Jan 2026 08:00:00 +0900"
'흑백요리사2' 방영 셰프 협업 재조명...식품업계 '미식 마케팅' 인기,https://www.slist.kr/news/articleView.html?idxno=704048,https://www.slist.kr/news/articleView.html?idxno=704048,영상에는 권 셰프가 자신만의 <b>레시피</b> 북을 펼쳐 요리에 대한 깊은 철학을 담아 신메뉴를 고민하고 연구하는... 천재' 김태성 셰프가 합류해 시즌1 방송에서 선보인 '포노 부오노'의 <b>알리오올리오</b>도 출시한 바 있다.,"Thu, 25 Dec 2025 08:58:00 +0900"
'흑백요리사' 낙수효과?…일부 업장만 웃었다,http://www.srtimes.kr/news/articleView.html?idxno=192819,http://www.srtimes.kr/news/articleView.html?idxno=192819,"에드워드 리 셰프가 상품기획부터 <b>레시피</b>개발, 최종 평가에 이르기까지 전과정에 직접 참여한 사례다.... 메뉴 검색어는 딤섬, 생면 파스타, 동파육, 리조또, <b>알리오올리오</b>가 상위를 차지했으며, 카테고리별 저장 수 기준... ","Tue, 23 Dec 2025 17:16:00 +0900"
"‘흑백요리사2’ 방영에 셰프 협업 재조명…유통업계, ‘미식 마케팅’...",https://www.segye.com/newsView/20251221500289?OutUrl=naver,https://n.news.naver.com/mnews/article/022/0004091791?sid=101,부오노’의 <b>알리오올리오</b>도 출시한 바 있다. 12월 18일부터 21일까지 진행되는 오프라인 미식축제... 영상에는 권 셰프가 자신만의 <b>레시피</b> 북을 펼쳐 요리에 대한 깊은 철학을 담아 신메뉴를 고민하고 연구하는 모습을... ,"Sun, 21 Dec 2025 06:03:00 +0900"
"‘흑백요리사2’ 방영에…식품업계, ‘셰프 협업 마케팅’ 봇물",https://www.sentv.co.kr/article/view/sentv202512190062,https://www.sentv.co.kr/article/view/sentv202512190062,"영상에는 권 셰프가 자신만의 <b>레시피</b> 북을 펼쳐 요리에 대한 깊은 철학을 담아 신메뉴를 고민하고 연구하는... 부오노’의 <b>알리오올리오</b>도 출시한 바 있다. 또, 12월 18일부터 21일까지 진행되는 오프라인 미식축제... ","Sat, 20 Dec 2025 08:02:00 +0900"
"흑백요리사2 방영에 셰프 협업 재조명... 식품업계, '미식 마케팅' 잇달...",http://www.newslock.co.kr/news/articleView.html?idxno=121677,http://www.newslock.co.kr/news/articleView.html?idxno=121677,"영상에는 권 셰프가 자신만의 <b>레시피</b> 북을 펼쳐 요리에 대한 깊은 철학을 담아 신메뉴를 고민하고 연구하는... 부오노'의 <b>알리오올리오</b>도 출시한 바 있다. 또, 오는 21일까지 진행되는 오프라인 미식축제 '컬리푸드페스타... ","Fri, 19 Dec 2025 09:26:00 +0900"
안성재·손종원…‘흑백요리사’ 스타 셰프들의 다음 활동 무대는,https://lady.khan.co.kr/khlady.html?mode=view&artid=202512181102001&code=9,https://n.news.naver.com/mnews/article/145/0000022885?sid=103,영상에는 권 셰프가 자신만의 <b>레시피</b> 북을 펼쳐 요리에 대한 깊은 철학을 담아 신메뉴를 고민하고 연구하는... ‘히든 천재’ 김태성 셰프가 합류해 시즌1 방송에서 선보인 ‘포노 부오노’의 <b>알리오올리오</b>도 출시한 바 있다.,"Thu, 18 Dec 2025 11:03:00 +0900"
‘맛’ 계급 전쟁 &lt;흑백요리사2&gt; 전격 공개,https://www.ilyosisa.co.kr/news/article.html?no=253341,https://www.ilyosisa.co.kr/news/article.html?no=253341,"이용자들이 많이 찾은 메뉴는 ▲딤섬 ▲생면 파스타 ▲동파육 ▲리소토 ▲<b>알리오올리오</b>였고, 카테고리별... 방송을 통해 검증된 셰프들의 <b>레시피</b>를 활용한 메뉴 개발, 팝업 레스토랑, 가정 간편식(HMR), 브랜드... ","Tue, 16 Dec 2025 17:06:00 +0900"
[내향인으로 살아남기] 전역한 아들의 요리...쓸쓸하고 외로운 겨울엔 ...,https://www.ohmynews.com/NWS_Web/View/at_pg.aspx?CNTN_CD=A0003190713&CMPT_CD=P0010&utm_source=naver&utm_medium=newsearch&utm_campaign=naver_news,https://n.news.naver.com/mnews/article/047/0002498493?sid=103,"수없는 시행착오를 거쳐야 자신만의 <b>레시피</b>가 탄생하는 게 요리라는 걸 수십 년의 경험으로 알고 있기... 이후로도 아들은 냉장고에 쪽파가 많다며 오징어 파전을, 통마늘이 있냐고 묻더니 <b>알리오 올리오</b>를 만들었다. 어느... ","Tue, 16 Dec 2025 10:41:00 +0900"
"“줄 서는 식당 집으로”…웨이크버니, IP 라이프스타일 플랫폼 ‘하우...",https://economist.co.kr/article/view/ecn202512150074,https://n.news.naver.com/mnews/article/243/0000089648?sid=101,웨이크버니는 셰프의 <b>레시피</b>를 제품화하는 ‘IP 기반 브랜드 빌딩’ 역량을 바탕으로 지난 7월 설립 4개월... 오픈 당일인 15일에는 ‘반값 특가’ 이벤트를 열고 베스트셀러인 ‘<b>알리오 올리오</b>’와 ‘화덕브레드’... ,"Mon, 15 Dec 2025 18:58:00 +0900"
"웨이크버니, IP 라이프스타일 플랫폼 '하우스모드' 오픈",http://www.hansbiz.co.kr/news/articleView.html?idxno=800761,http://www.hansbiz.co.kr/news/articleView.html?idxno=800761,웨이크버니는 셰프의 <b>레시피</b>를 제품화하는 'IP 기반 브랜드 빌딩' 역량을 바탕으로 지난 7월 설립 4개월 만에... 베스트셀러인 '<b>알리오 올리오</b>'와 '화덕브레드' 세트를 약 50% 할인된 파격적인 가격에 판매해 소비자들이... ,"Mon, 15 Dec 2025 15:18:00 +0900"
"웨이크버니, IP 라이프스타일 플랫폼 ‘하우스모드’ 정식 론칭...“줄 ...",https://www.livesnews.com/news/article.html?no=57773,https://www.livesnews.com/news/article.html?no=57773,웨이크버니는 셰프의 <b>레시피</b>를 제품화하는 ‘IP 기반 브랜드 빌딩’ 역량을 바탕으로 지난 7월 설립 4개월... 베스트셀러인 ‘<b>알리오 올리오</b>’와 ‘화덕브레드’ 세트를 약 50% 할인된 파격적인 가격에 판매하여... ,"Mon, 15 Dec 2025 14:58:00 +0900"
"웨이크버니, IP 라이프스타일 플랫폼 '하우스모드' 론칭",https://www.kdpress.co.kr/news/articleView.html?idxno=201543,https://www.kdpress.co.kr/news/articleView.html?idxno=201543,웨이크버니는 셰프의 <b>레시피</b>를 제품화하는 'IP 기반 브랜드 빌딩' 역량을 바탕으로 지난 7월 설립 4개월 만에... 베스트셀러인 '<b>알리오 올리오</b>'와 '화덕브레드' 세트를 약 50% 할인된 파격적인 가격에 판매하여 소비자들이... ,"Mon, 15 Dec 2025 14:06:00 +0900"
"웨이크버니, IP 라이프스타일 플랫폼 '하우스모드' 오픈...&quot;줄 서는 식당...",http://www.hemophilia.co.kr/news/articleView.html?idxno=40210,http://www.hemophilia.co.kr/news/articleView.html?idxno=40210,"한편, 웨이크버니는 셰프의 <b>레시피</b>를 제품화하는 'IP 기반 브랜드 빌딩' 역량을 바탕으로 지난 7월 설립... 베스트셀러인 '<b>알리오 올리오</b>'와 '화덕브레드' 세트를 약 50% 할인된 파격적인 가격에 판매하여 소비자들이 부담... ","Mon, 15 Dec 2025 14:04:00 +0900"
"웨이크버니, IP 기반 온라인 플랫폼 '하우스모드' 공식 론칭",https://www.handmk.com/news/articleView.html?idxno=34751,https://www.handmk.com/news/articleView.html?idxno=34751,"웨이크버니 측은 &quot;제품화 과정에서 셰프의 <b>레시피</b>와 조리 방식에 맞춘 생산 공정을 반영했다&quot;고 밝혔다.... 15일 하루 '<b>알리오 올리오</b>'와 '화덕브레드' 세트를 약 50% 할인된 가격에 판매하며, 16일부터는 '흑백요리사 시즌2... ","Mon, 15 Dec 2025 13:54:00 +0900"
"웨이크버니, IP 라이프스타일 플랫폼 '하우스모드' 오픈…&quot;줄 서는 식당...",https://www.ezyeconomy.com/news/articleView.html?idxno=228143,https://www.ezyeconomy.com/news/articleView.html?idxno=228143,웨이크버니는 셰프의 <b>레시피</b>를 제품화하는 'IP 기반 브랜드 빌딩' 역량을 바탕으로 지난 7월 설립 4개월 만에... 베스트셀러인 '<b>알리오 올리오</b>'와 '화덕브레드' 세트를 약 50% 할인된 파격적인 가격에 판매하여 소비자들이... ,"Mon, 15 Dec 2025 13:52:00 +0900"
"웨이크버니, IP 라이프스타일 플랫폼 하우스모드 오픈",https://www.betanews.net/article/view/beta202512150003,https://www.betanews.net/article/view/beta202512150003,웨이크버니는 셰프의 <b>레시피</b>를 제품화하는 'IP 기반 브랜드 빌딩' 역량을 바탕으로 지난 7월 설립 4개월 만에... 베스트셀러인 '<b>알리오 올리오</b>'와 '화덕브레드' 세트를 약 50% 할인된 파격적인 가격에 판매한다. 이어 12월... ,"Mon, 15 Dec 2025 08:48:00 +0900"
2025 단체급식 김치응용요리 경연대회 수상작 <b>레시피</b>,http://www.foodnews.co.kr/news/articleView.html?idxno=116336,http://www.foodnews.co.kr/news/articleView.html?idxno=116336,"묵은지 <b>알리오 올리오</b> 어린이 부문 우수상(정연진, 손영호) 김치단호박 크림 누들컵 청소년 부문 장려상(심은주, 이수연) 김치 마제소바 청소년 부문 장려상(허윤옥, 김연우) 중화식 김치덮밥 어린이 부문 장려상(박소희... ","Wed, 10 Dec 2025 10:32:00 +0900"
"부산 해운대역 부근 해리단길 '태리식당', 감성 파스타로 꾸준한 인기",https://www.fntoday.co.kr/news/articleView.html?idxno=370056,https://www.fntoday.co.kr/news/articleView.html?idxno=370056,"태리식당 대표 메뉴는 잠봉파스타, 전복리조토, 가지그라탕 등 사장님 만의 <b>레시피</b>로 만든 독특한 메뉴이다.... 햄이 <b>알리오올리오</b> 스타일 면 위에 올라가 감칠맛을 더한다. 고객 리뷰에서도 &quot;느끼하지 않고 간이 적당해... ","Mon, 01 Dec 2025 10:32:00 +0900"
[김치요리 <b>레시피</b>] 김치 <b>알리오 올리오</b>,http://www.fsnews.co.kr/news/articleView.html?idxno=59239,http://www.fsnews.co.kr/news/articleView.html?idxno=59239,"김치의 색다른 변신 '김치요리 <b>레시피</b> 10선' 지난 7월 30일 서울 강서구 호서직업전문학교에서 '2025 단체급식... ❖ 추천식단 예시 • 밥버거, 김치<b>알리오올리오</b>, 콩나물김칫국, 무파래초무침, 후라이드치킨... ","Tue, 25 Nov 2025 17:20:00 +0900"
&quot;콘텐츠가 브랜드가 된다&quot;…한투파가 베팅한 IP 커머스 빌더 '이곳',http://www.edaily.co.kr/news/newspath.asp?newsid=01607206642369328,https://n.news.naver.com/mnews/article/018/0006170833?sid=101,2025년 3월 컬리 및 공식 스토어를 통해 론칭된 포노부오노는 레스토랑의 오리지널 <b>레시피</b>와 조리 공정을... 김태성 셰프의 동명 레스토랑 IP를 기반으로 한 프리미엄 간편식(RMR) 라인 ‘포노부오노’의 <b>알리오올리오</b>... ,"Tue, 25 Nov 2025 05:30:00 +0900"
안방·야외 피크닉까지…삼성 움직이는 TV로 섭렵[써봤어요],http://www.edaily.co.kr/news/newspath.asp?newsid=01741686642368344,https://n.news.naver.com/mnews/article/018/0006169666?sid=101,삼성 ‘더 무빙스타일’을 통해 <b>알리오 올리오</b> 파스타 <b>레시피</b> 영상을 시청하고 있는 모습.(사진=공지유 기자) 더 무빙스타일의 가장 큰 장점은 자유롭게 집 내부에서 이동이 가능하다는 점이었다. 기존 유선 제품은... ,"Sat, 22 Nov 2025 09:01:00 +0900"
[오늘 뭐 먹지] 빙그레·hy·크라운제과 외,http://www.newsprime.co.kr/news/article.html?no=711028,http://www.newsprime.co.kr/news/article.html?no=711028,갈릭&amp;페페로치노 <b>알리오올리오</b> 파스타소스 360g×4개 등이다. 또한 1+1 및 2+1 행사도 진행한다. △청정원 순창... 맞춤형 <b>레시피</b>다. 정승제 강사가 직접 선택한 재료를 자신만의 방식으로 구성한 점이 특징이다. 제품명... ,"Mon, 10 Nov 2025 09:40:00 +0900"
"‘셀럽 IP가 진짜 브랜드 되는 곳’, 김영욱 웨이크버니 대표",https://www.venturesquare.net/1012854,https://www.venturesquare.net/1012854,<b>레시피</b>를 단순히 전달받는 수준을 넘어 김태성 셰프와 단일 메뉴를 기준으로 수십 차례의 샘플링과 피드백을 거쳐 퀄리티를 잡았다. 실제로 첫 제품인 ‘히든 전채의 <b>알리오 올리오</b>’... ,"Sat, 08 Nov 2025 15:40:00 +0900"
[아보하 페스티벌] 1분간 알아가는 '스피드 미팅'… QR로 인스타 계정도...,https://www.joongboo.com/news/articleView.html?idxno=363706188,https://www.joongboo.com/news/articleView.html?idxno=363706188,"김경민기자 &quot;파스타 종류, '<b>알리오 올리오</b>' 만드는 게 가장 자신 있어요. 자취생이라서.&quot; 19일 오전... 남성은 &quot;다양한 파스타가 있을 것 같은데 <b>레시피</b>가 궁금하다&quot;며 대화를 이어갔고, 여성은 버터를 활용한 파스타... ","Sun, 19 Oct 2025 17:20:00 +0900"
[신간] 개정판으로 돌아온 요리책 '파스타 마스터 클래스',https://www.newspim.com/news/view/20251013000833,https://www.newspim.com/news/view/20251013000833,"새로운 <b>레시피</b>를 추가해 그 소장 가치를 높였다. 오광수 문화전문기자 = '파스타 마스터 클래스' 표지.[사진 = 세미콜론] 2025.10.13 oks34@newspim.com 레스토랑에서 먹던 카르보나라, <b>알리오 올리오</b>, 라구 파스타는 물론 매일 해... ","Mon, 13 Oct 2025 15:20:00 +0900"
"고소영, &quot;건강검진에서 혼났다&quot;…52세 나이, 유튜브서 혈당 관리법 공개",https://www.ftimes.kr/news/articleView.html?idxno=33192,https://www.ftimes.kr/news/articleView.html?idxno=33192,"고소영은 &quot;밀가루 면을 먹을 때마다 죄책감이 있었는데, 파로면은 식이섬유가 많고 당이 적어 마음 놓고 먹을 수 있다&quot;고 설명하며, 직접 파로면으로 <b>알리오 올리오</b>와 들기름 냉파스타를 만드는 <b>레시피</b>를 공개했다. 미슐랭... ","Fri, 19 Sep 2025 15:22:00 +0900"
지큐 에디터 9인이 사랑해 마지않는 아홉 가지,https://www.gqkorea.co.kr/2025/09/06/%ec%9a%b0%eb%a6%ac%ea%b0%80-%ec%82%ac%eb%9e%91%ed%95%b4-%eb%a7%88%ec%a7%80%ec%95%8a%eb%8a%94-%ec%95%84%ed%99%89-%ea%b0%80%ec%a7%80/?utm_source=naver&utm_medium=partnership,https://www.gqkorea.co.kr/2025/09/06/%ec%9a%b0%eb%a6%ac%ea%b0%80-%ec%82%ac%eb%9e%91%ed%95%b4-%eb%a7%88%ec%a7%80%ec%95%8a%eb%8a%94-%ec%95%84%ed%99%89-%ea%b0%80%ec%a7%80/?utm_source=naver&utm_medium=partnership,⑧ 엄마의 목욕탕 <b>레시피</b> 보디 필링 패드 자고로 한국인이라면 때타월을 거부할 수 없을 터. 일회용이라... ③ 트레이더 조 <b>알리오 올리오</b> 마늘과 페페론치노의 풍미가 어디에 뿌려도 부족한 맛을 꽉 채워주는 신통방통... ,"Sat, 06 Sep 2025 10:00:00 +0900"
[유통 브리핑] 쿠팡·우아한형제들·컬리,http://www.niceeconomy.co.kr/news/articleView.html?idxno=87506,http://www.niceeconomy.co.kr/news/articleView.html?idxno=87506,"[사진 = 우아한형제들 제공] ◇ 배민, '우리동네 배민 <b>레시피</b>' 2차 상품 출시 배달의민족 운영사... 포노 부오노는 대표 상품인 '히든 천재의 <b>알리오 올리오</b>' 성공에 힘입어 최근 베이커리까지 상품군을 확장했다. 이외에도... ","Thu, 04 Sep 2025 15:30:00 +0900"
[브리프]신세계그룹 롯데백화점 이마트 롯데마트 쿠팡 갤러리아 우아한...,http://www.biztribune.co.kr/news/articleView.html?idxno=339528,http://www.biztribune.co.kr/news/articleView.html?idxno=339528,함께 <b>레시피</b>를 연구해 상품을 개발했다. '홍복'은 블루리본 맛집이자 남대문시장 상인들의 1등 맛집으로... '포노 부오노'는 대표 상품인 '히든 천재의 <b>알리오 올리오</b>' 성공에 힘입어 최근 베이커리까지 상품군을... ,"Wed, 03 Sep 2025 18:20:00 +0900"
[오늘의 장바구니] 이마트·롯데백화점·코웨이·호텔신라 외,http://www.newsprime.co.kr/news/article.html?no=702806,http://www.newsprime.co.kr/news/article.html?no=702806,함께 <b>레시피</b>를 연구해 상품을 개발했다. '홍복'은 블루리본 맛집이자 남대문시장 상인들의 1등 맛집으로... '포노 부오노'는 대표 상품인 '히든 천재의 <b>알리오 올리오</b>' 성공에 힘입어 최근 베이커리까지 상품군을... ,"Wed, 03 Sep 2025 11:46:00 +0900"
"[유통가 레이더] '데이터로 만든 간편식'... 이마트 피코크, 현대카드 데...",https://www.greened.kr/news/articleView.html?idxno=330625,https://www.greened.kr/news/articleView.html?idxno=330625,함께 <b>레시피</b>를 연구해 상품을 개발했다. 이마트와 현대카드는 상품 판매 데이터와 고객 반응을 토대로... '포노 부오노'는 대표 상품인 '히든 천재의 <b>알리오 올리오</b>' 성공에 힘입어 최근 베이커리까지 상품군을... ,"Wed, 03 Sep 2025 11:33:00 +0900"
"[유통24시] 동서식품, 북촌 '카누 캡슐 테일러' 플래그십 운영 外",https://news.dealsitetv.com/articles/158776,https://news.dealsitetv.com/articles/158776,'포노 부오노'는 대표 상품인 '히든 천재의 <b>알리오 올리오</b>' 성공에 힘입어 최근 베이커리까지 상품군을... 사이트에서는 ▲즐거운 요리 클래스 #즐요일 ▲즐거운 요리 #<b>레시피</b> ▲즐거운 요리 실험실 #즐요랩 등 캠페인... ,"Wed, 03 Sep 2025 10:10:00 +0900"
"“혈당 걱정 NO!” 유명 셰프들도 반했다는 ‘면’, 맛이 어떻길래?",http://www.fnnews.com/news/202508291520202581,https://n.news.naver.com/mnews/article/014/0005400033?sid=103,"덕분에 <b>알리오 올리오</b> 같은 심플한 파스타부터 진한 라구 소스, 한식 양념까지 모두 잘 어울린다. 실제로... 다양한 <b>레시피</b>를 공개하며 그 식감과 맛을 인정했다. 조리 시간이 짧고 한식·일식·양식 어디에도 어울려... ","Tue, 02 Sep 2025 08:42:00 +0900"
"52세 고소영, 건강검진 후 혼났다… 밀가루 대신 ‘이것’ 섭취 시작, 뭘...",https://health.chosun.com/site/data/html_dir/2025/08/29/2025082902342.html,https://n.news.naver.com/mnews/article/346/0000096614?sid=103,"배우 고소영(52)이 건강하게 먹을 수 있는 파스타 <b>레시피</b>를 소개했다. 지난 8월 29일 유튜브 채널 ‘바로 그... 이후 고소영은 파로면으로 직접 <b>알리오올리오</b>를 만들어 먹었다. 파로면, 100% 통곡물 파로로 만들어 파로면은... ","Mon, 01 Sep 2025 06:02:00 +0900"
아빠들도 뚝딱 만들어낼 수 있는 별미... 20분이면 된다,https://www.ohmynews.com/NWS_Web/View/at_pg.aspx?CNTN_CD=A0003158177&CMPT_CD=P0010&utm_source=naver&utm_medium=newsearch&utm_campaign=naver_news,https://n.news.naver.com/mnews/article/047/0002485308?sid=103,[매우 간단해 보이는 <b>알리오 올리오 레시피</b>] - 끓는 물에 소금을 한 줌 넣고 스파게티 면을 포장지에 표시된 시간만큼 삶는다. - 차가운 팬에 올리브 오일을 두르고 편썰기한 마늘과 페페론치노를 넣어서 볶는다. - 재료를... ,"Fri, 22 Aug 2025 06:59:00 +0900"
"[Daily New유통] 아모레퍼시픽, 스타벅스, 갤러리아 外",https://biz.newdaily.co.kr/site/data/html/2025/08/21/2025082100064.html,https://biz.newdaily.co.kr/site/data/html/2025/08/21/2025082100064.html,bhc는 개발 초기 단계부터 자사 조리 매뉴얼과 <b>레시피</b>를 공유하며 수백 차례의 테스트를 진행했고... 특히 지난 7일 출시한 신메뉴 ‘홈플델리 불고기 토마토 파스타(3990원)’과 ‘홈플델리 <b>알리오올리오</b> 파스타... ,"Thu, 21 Aug 2025 11:20:00 +0900"
"정주리, '20kg 감량' 다이어트 비법 &quot;닭가슴살+쉐이크NO..맵고 짜게 잘먹...",http://www.osen.co.kr/article/G1112625342,https://m.entertain.naver.com/article/109/0005361289,통밀파스타 <b>알리오올리오</b> 해보겠다&quot;라며 두 번째 <b>레시피</b>를 공개했다. 하지만 그는 &quot;저는 다이어트를 해도 짜게 먹는다. 저염으로만은 힘들다&quot;라며 간을 세게 해 눈길을 끌었다. 시누이는 &quot;이런식으로 하면 서서히... ,"Thu, 31 Jul 2025 18:12:00 +0900"
"푸라닭, HMR 신제품 쿠킹 클래스 성료…체험형 마케팅 강화",http://www.thebigdata.co.kr/view.php?ud=2025072811150753489aeda69934_23,http://www.thebigdata.co.kr/view.php?ud=2025072811150753489aeda69934_23,이날 시연 메뉴로는 숏파스타와 마늘향이 어우러진 ‘치킨 <b>알리오 올리오</b>’와 구운 가지에 속재료를 넣어 토마토소스와 조화를 이룬 ‘치킨 롤라타니’가 선정됐다. 조리 과정은 간편하면서도 완성도 높은 <b>레시피</b>로... ,"Mon, 28 Jul 2025 11:26:00 +0900"
'요리 예능'의 진화…유통업계 이븐하게 바꾸다,https://weekly.hankooki.com/news/articleView.html?idxno=7120172,https://weekly.hankooki.com/news/articleView.html?idxno=7120172,"CU도 나폴리 맛피아 권성준 셰프의 <b>레시피</b>로 만든 '맛폴리 <b>알리오올리오</b>'와 '맛폴리 트러플 머쉬룸 누들', 디저트 류인 '밤 티라미수' 등을 출시했다. 특히 밤 티라미수는 포켓CU 앱을 통해 진행한 사전 예약에서 출시 20여... ","Fri, 25 Jul 2025 07:30:00 +0900"
"몬스타엑스 기현, 노래면 노래 요리면 요리…'류남생'서 존재감 톡톡",http://www.celuvmedia.com/article.php?aid=1752580883503217007,http://www.celuvmedia.com/article.php?aid=1752580883503217007,"자르자 &quot;관찰레다, <b>알리오 올리오</b>에 넣어서 먹어봤다&quot;며 생소한 현지 재료까지 꿰고 있어 형들을 감탄케 했다. 현지 백반을 맛보며 필기까지 꼼꼼히 마친 기현은 숙소로 돌아와 '류학<b>레시피</b>'로 결정한 '미트 탕수'를... ","Tue, 15 Jul 2025 21:18:00 +0900"
"몬스타엑스 기현, ‘류남생’서 시칠리아 미식 완전 정복···현지 재료...",https://sports.khan.co.kr/article/202507151940003?pt=nv,https://m.entertain.naver.com/article/144/0001053758,"“관찰레다, <b>알리오 올리오</b>에 넣어서 먹어봤다”며 생소한 현지 재료까지 꿰고 있어 형들을 감탄케 했다. 현지 백반을 맛보며 필기까지 꼼꼼히 마친 기현은 숙소로 돌아와 ‘류학<b>레시피</b>’로 결정한 ‘미트 탕수’를... ","Tue, 15 Jul 2025 19:41:00 +0900"
'류학생 어남선' 몬스타엑스 기현 ‥ 일취월장 요리 실력에 입담까지 탑...,https://www.newdaily.co.kr/site/data/html/2025/07/15/2025071500416.html,https://www.newdaily.co.kr/site/data/html/2025/07/15/2025071500416.html,"자르자 &quot;관찰레다, <b>알리오 올리오</b>에 넣어서 먹어봤다&quot;며 생소한 현지 재료까지 꿰고 있어 형들을 감탄케 했다. 현지 백반을 맛보며 필기까지 꼼꼼히 마친 기현은 숙소로 돌아와 '류학<b>레시피</b>'로 결정한 '미트 탕수'를... ","Tue, 15 Jul 2025 18:46:00 +0900"
"몬스타엑스 기현, 일취월장 요리 실력에 입담까지…류수영도 인정",https://sports.donga.com/ent/article/all/20250715/132006380/1,https://m.entertain.naver.com/article/382/0001210456,"“관찰레다, <b>알리오 올리오</b>에 넣어서 먹어봤다”며 생소한 현지 재료까지 꿰고 있어 형들을 감탄케 했다. 현지 백반을 맛보며 필기까지 꼼꼼히 마친 기현은 숙소로 돌아와 ‘류학<b>레시피</b>’로 결정한 ‘미트 탕수’를... ","Tue, 15 Jul 2025 18:38:00 +0900"
"몬스타엑스 기현, 맞다 메인보컬이었지…류수영 착각할 만도",http://www.osen.co.kr/article/G1112613884,https://m.entertain.naver.com/article/109/0005350044,"자르자 &quot;관찰레다, <b>알리오 올리오</b>에 넣어서 먹어봤다&quot;며 생소한 현지 재료까지 꿰고 있어 형들을 감탄케 했다. 현지 백반을 맛보며 필기까지 꼼꼼히 마친 기현은 숙소로 돌아와 '류학<b>레시피</b>'로 결정한 '미트 탕수'를... ","Tue, 15 Jul 2025 15:56:00 +0900"
"몬스타엑스 기현, 류수영도 인정한 특급 막내…일취월장 요리실력",https://www.newsen.com/news_view.php?uid=202507151459460410,https://m.entertain.naver.com/article/609/0001010050,"자르자 &quot;관찰레다, <b>알리오 올리오</b>에 넣어서 먹어봤다&quot;며 생소한 현지 재료까지 꿰고 있어 형들을 감탄케 했다. 현지 백반을 맛보며 필기까지 꼼꼼히 마친 기현은 숙소로 돌아와 '류학<b>레시피</b>'로 결정한 '미트 탕수'를... ","Tue, 15 Jul 2025 15:03:00 +0900"
"몬스타엑스 기현, 류수영이 인정한 '일취월장 요리 실력'(류학생 어남선...",https://www.starnewskorea.com/music/2025/07/15/2025071514500253969,https://m.entertain.naver.com/article/108/0003347625,"자르자 &quot;관찰레다, <b>알리오 올리오</b>에 넣어서 먹어봤다&quot;며 생소한 현지 재료까지 꿰고 있어 형들을 감탄케 했다. 현지 백반을 맛보며 필기까지 꼼꼼히 마친 기현은 숙소로 돌아와 '류학<b>레시피</b>'로 결정한 '미트 탕수'를... ","Tue, 15 Jul 2025 14:52:00 +0900"
"&quot;특급 막내의 반전 실력&quot;…몬스타엑스 기현, '류학생 어남선'서 요리부...",https://www.topstarnews.net/news/articleView.html?idxno=15733710,https://www.topstarnews.net/news/articleView.html?idxno=15733710,"또한 &quot;관찰레다, <b>알리오 올리오</b>에 넣어서 먹어봤다&quot;며 현지 재료에 대한 남다른 관심으로 형들의 감탄을 이끌어냈다. 요리 체험 후 기현은 꼼꼼히 필기를 마친 뒤 숙소로 돌아와 직접 '미트 탕수' <b>레시피</b>를 완성했다. 계량... ","Tue, 15 Jul 2025 14:42:00 +0900"
"한우자조금, '육포데이' 맞아 한우 육포 이색 <b>레시피</b> 제안",http://www.newsfarm.co.kr/news/articleView.html?idxno=98417,http://www.newsfarm.co.kr/news/articleView.html?idxno=98417,"이색 <b>레시피</b> 3종'을 제안했다. 육포 크림치즈 카나페, 육포 파스타, 육포 아보카도 샌드위치 등 간단하면서도... 있는 <b>알리오 올리오</b>가 완성된다. 한우 육포의 감칠맛이 소스에 잘 스며들고, 쫄깃한 식감까지 더해져 한우의... ","Tue, 10 Jun 2025 13:14:00 +0900"
"육포데이(6월4일), 한우 육포로 행복충전!",http://www.industrynews.co.kr/news/articleView.html?idxno=65277,http://www.industrynews.co.kr/news/articleView.html?idxno=65277,"이색 <b>레시피</b> 3종'을 제안했다. 육포 크림치즈 카나페, 육포 파스타, 육포 아보카도 샌드위치 등 간단하면서도... 있는 <b>알리오 올리오</b>가 완성된다. 한우 육포의 감칠맛이 소스에 잘 스며들고 쫄깃한 식감까지 더해져 한우의... ","Wed, 04 Jun 2025 15:40:00 +0900"
"&quot;한우 육포로 행복충전!&quot; 한우자조금, '육포데이' 맞아 한우 육포 이색...",http://woman.chosun.com/news/articleView.html?idxno=121351,http://woman.chosun.com/news/articleView.html?idxno=121351,가지 <b>레시피</b>를 제안한다. 1) 육포 크림치즈 카나페 '육포 크림치즈 카나페'는 간단한 준비만으로도 완성도... 있는 <b>알리오 올리오</b>가 완성된다. 육포의 감칠맛이 소스에 스며들어 고기의 풍미가 살아난다. 3) 육포 아보카도... ,"Wed, 04 Jun 2025 14:32:00 +0900"
"한우자조금, '육포데이' 맞아 한우 육포 이색 <b>레시피</b> 제안",http://www.amnews.co.kr/news/articleView.html?idxno=66702,http://www.amnews.co.kr/news/articleView.html?idxno=66702,"이색 <b>레시피</b> 3종'을 제안한다. 육포 크림치즈 카나페, 육포 파스타, 육포 아보카도 샌드위치 등 간단하면서도... 있는 <b>알리오 올리오</b>가 완성된다. 한우 육포의 감칠맛이 소스에 잘 스며들고, 쫄깃한 식감까지 더해져 한우의... ","Wed, 04 Jun 2025 12:36:00 +0900"
"한우자조금, '6월 4일 육포데이' 맞아 한우 육포 이색 <b>레시피</b> 제안... &quot;한...",https://www.ibabynews.com/news/articleView.html?idxno=133063,https://www.ibabynews.com/news/articleView.html?idxno=133063,"이색 <b>레시피</b> 3종'을 제안한다. 육포 크림치즈 카나페, 육포 파스타, 육포 아보카도 샌드위치 등 간단하면서도... 있는 <b>알리오 올리오</b>가 완성된다. 한우 육포의 감칠맛이 소스에 잘 스며들고, 쫄깃한 식감까지 더해져 한우의... ","Wed, 04 Jun 2025 12:22:00 +0900"
"6월 4일은 육포데이...한우자조금, 집에서도 쉽게 즐기는 육포 요리 제안",https://www.joongangenews.com/news/articleView.html?idxno=424432,https://www.joongangenews.com/news/articleView.html?idxno=424432,"이색 <b>레시피</b> 3종'을 제안한다. 육포 크림치즈 카나페, 육포 파스타, 육포 아보카도 샌드위치 등 간단하면서도... 있는 <b>알리오 올리오</b>가 완성된다. 한우 육포의 감칠맛이 소스에 잘 스며들고, 쫄깃한 식감까지 더해져 한우의... ","Wed, 04 Jun 2025 11:16:00 +0900"
”한우 육포로 행복충전!“,http://www.newsam.co.kr/news/article.html?no=40221,http://www.newsam.co.kr/news/article.html?no=40221,"한우자조금, ‘육포데이’ 맞아 한우 육포 이색 <b>레시피</b> 제안 고단백·저지방 한우 육포, 야외 간식부터 일상... 있는 <b>알리오 올리오</b>가 완성된다. 한우 육포의 감칠맛이 소스에 잘 스며들고, 쫄깃한 식감까지 더해져 한우의... ","Wed, 04 Jun 2025 10:40:00 +0900"
"한우자조금, ‘육포데이’ 맞아 한우 육포 이색 <b>레시피</b> 제안",http://www.g-enews.com/ko-kr/news/article/news_all/202506040937215690a96f092d0c_1/article.html,http://www.g-enews.com/ko-kr/news/article/news_all/202506040937215690a96f092d0c_1/article.html,"이색 <b>레시피</b> 3종’을 제안한다. 육포 크림치즈 카나페, 육포 파스타, 육포 아보카도 샌드위치 등... 있는 <b>알리오 올리오</b>가 완성된다. 한우 육포의 감칠맛이 소스에 잘 스며들고, 쫄깃한 식감까지 더해져 한우의 깊은 맛을... ","Wed, 04 Jun 2025 09:38:00 +0900"
"뜨거운 여름, 더 뜨거운 볶음면… 비국물라면 전성시대 열렸다",http://www.fnnews.com/news/202505251803286407,https://n.news.naver.com/mnews/article/014/0005354224?sid=101,"낸 '오일스타 <b>알리오올리오</b>'는 이장우가 직접 맛 개발에 참여한 제품으로, 최근 숙면·건면 카테고리 내 1위에 올랐다. 업계 관계자는 &quot;볶음라면 시장이 계속 성장세를 보이면서 앞으로도 브랜드별로 개성 있는 <b>레시피</b>와... ","Sun, 25 May 2025 18:04:00 +0900"
'불닭이 쏜' 볶음면 열풍..편의점 라면 시장 '판' 바꿨다,http://www.fnnews.com/news/202505201520233292,https://n.news.naver.com/mnews/article/014/0005354216?sid=101,"낸 '오일스타 <b>알리오올리오</b>'는 이장우가 직접 맛 개발에 참여한 제품으로, 최근 숙면·건면 카테고리 내 1위에 올랐다. 업계 관계자는 &quot;볶음라면 시장이 계속 성장세를 보이면서 앞으로도 브랜드별로 개성 있는 <b>레시피</b>와... ","Sun, 25 May 2025 17:00:00 +0900"
[실리콘밸리 리포트] 속도보다 중요한 통찰의 축적,https://www.koreadaily.com/article/20250522191036746,https://www.koreadaily.com/article/20250522191036746,"그리고 ‘<b>알리오 올리오</b> 밥’의 <b>레시피</b>는 사실 수많은 기업들이 가진 세일즈 <b>레시피</b>, 제품 개발 <b>레시피</b>, 마케팅 <b>레시피</b> 들이기도 합니다. 인공지능 시대에 기업이 잘 되려면 속도와 축적이 무엇보다 중요할 거라고 저는... ","Fri, 23 May 2025 11:12:00 +0900"
"배우 고수, 올리브오일 건강 관리 비법 공개",https://www.kbsm.net/news/view.php?idx=474327,https://www.kbsm.net/news/view.php?idx=474327,배우 고수가 건강 관리를 위한 자신만의 웰니스 <b>레시피</b>를 공개했다고 밝혔다.7일 고수는 유튜브 채널... <b>알리오올리오</b>가 생각나는 맛이냐는 스태프의 말에 “그럼 <b>알리오올리오</b>가 올리브오일로 만든 거니까 그렇지”라는... ,"Fri, 09 May 2025 20:06:00 +0900"
"김윤석, 두 딸에 요리해주는 스윗 아빠 “파스타 자신 있어”(컬투쇼)",https://www.newsen.com/news_view.php?uid=202505071152446110,https://m.entertain.naver.com/article/609/0000983545,이날 김윤석에게 김태균은 &quot;후배 김성균 배우님이 배우 김윤석 표 초간단 수육 <b>레시피</b>를 소개해 화제를... 어떤 파스타일지 궁금하다는 말에 김윤석은 &quot;전 <b>알리오올리오</b>에 크림을 넣든지 토마토를 넣든지 섞는다. 그리고... ,"Wed, 07 May 2025 14:34:00 +0900"
[Opinion] 나 우울해서 밥했어 [음식],https://www.artinsight.co.kr/news/view.php?no=75432,https://www.artinsight.co.kr/news/view.php?no=75432,"<b>레시피</b> 없이 나만의 방식으로 시도하다가 망쳐본 적도 많고, 처음 보는 식재료를 호기롭게 사와 써봤다가 운... 그중에서도 <b>알리오 올리오</b> 같은 원팬 파스타는 만들기 쉽고, 재료도 파스타면, 마늘, 올리브오일, 페페론치노... ","Sat, 03 May 2025 21:50:00 +0900"
결혼 앞두고 '내조의 여왕' 등극한 조혜원... '예비신랑' 이장우가 콜라...,https://www.insight.co.kr/news/500615,https://www.insight.co.kr/news/500615,사진 속에는 이장우가 협업한 편의점 간편식이 담겨 있었다.조혜원은 이장우의 우동과 <b>알리오올리오</b>... 인정하며 <b>레시피</b>를 변경하는 등 개선 노력을 기울이고 있다고 밝혔다. 이장우와 조혜원은 KBS2 드라마 '하나뿐인 내... ,"Fri, 25 Apr 2025 15:16:00 +0900"
"조혜원, ♥이장우 '사업병' 비난 속 든든한 홍보 내조…결혼 앞두고 더...",https://www.sportschosun.com/entertainment/2025-04-25/202504250100185290026369,https://m.entertain.naver.com/article/076/0004270376,"조혜원은 이장우의 우동, <b>알리오올리오</b> 라면으로 점심을 든든하게 채우는 모습. 예비 남편 이장우의 사업... 다시 시작해야겠다고 생각해서 (<b>레시피</b>를) 바꿨다&quot;고 직접 피드백을 했으나 이후에도 혹평은 계속 이어졌고... ","Fri, 25 Apr 2025 13:22:00 +0900"
온라인 '파면 정식 챌린지' 이어져...&quot;넉달 동안 모두 수고하셨습니다&quot;...,https://www.ytn.co.kr/_ln/0103_202504071512419346,https://n.news.naver.com/mnews/article/052/0002176646?sid=102,"라면이나 잔치국수에 파를 올려 파면 정식을 만드는가 하면, 비빔국수나, 볶음 우동, 심지어 파스타 <b>알리오올리오</b>에도 파를 넣어 챌린지에 동참했습니다. 이처럼 각양각색의 <b>레시피</b>로 파면 정식을 만들어 올린 누리꾼들.... ","Mon, 07 Apr 2025 15:12:00 +0900"
"[플맨픽-유통] 신세계푸드 노브랜드 버거, 봄 시즌 한정 '바질 에그마요...",https://www.pressman.kr/news/articleView.html?idxno=87998,https://www.pressman.kr/news/articleView.html?idxno=87998,"컬리에서만 구매할 수 있는 히든 천재 김태성 셰프의 '신사동 포노 부오노' <b>알리오 올리오</b>와 '로로멜로'의... 그래놀라, 꼬북칩 등 다양한 토핑을 단계별로 골라 나만의 <b>레시피</b>를 완성할 수 있다. 오는 4월 30일까지... ","Mon, 24 Mar 2025 11:12:00 +0900"
[유통가 레이더] NS홈쇼핑도 '휴일배송' 도입... CJ대한통운과 '매일 오...,https://www.greened.kr/news/articleView.html?idxno=324682,https://www.greened.kr/news/articleView.html?idxno=324682,"최현석 셰프가 직접 개발한 등심 돈까스를 다양한 <b>레시피</b>로 조리하고, 유튜버 상해기가 맛을 평가하며... 컬리에서만 구매할 수 있는 히든 천재 김태성 셰프의 '신사동 포노 부오노' <b>알리오 올리오</b>와 '로로멜로'의 수건... ","Mon, 24 Mar 2025 10:51:00 +0900"
미나리 샤브샤브부터 시금치 치킨까지…봄철 맞은 신메뉴 눈길,https://www.sedaily.com/NewsView/2GQCG0PWXF,https://n.news.naver.com/mnews/article/011/0004464439?sid=101,빕스 <b>레시피</b> 노하우를 활용해 맛과 건강함까지 담아낸 것이 특징이다. 특히 인스타그램과 유튜브 등에서... 렌틸콩을 <b>알리오 올리오</b>와 부드러운 버터로 감싸 더욱 고소한 풍미의 ‘렌틸 <b>알리오 올리오</b> 피쉬’ 등 건강한... ,"Sat, 22 Mar 2025 15:21:00 +0900"
"CJ푸드빌 빕스, '슈퍼 테이블' 콘셉트 봄 신메뉴 선봬",http://www.thefirstmedia.net/news/articleView.html?idxno=166721,http://www.thefirstmedia.net/news/articleView.html?idxno=166721,빕스 <b>레시피</b> 노하우를 활용해 맛과 건강함까지 담아낸 것이 특징이다. 특히 인스타그램과 유튜브 등에서... 렌틸콩을 <b>알리오 올리오</b>와 부드러운 버터로 감싸 더욱 고소한 풍미의 '렌틸 <b>알리오 올리오</b> 피쉬' 등 건강한... ,"Thu, 20 Mar 2025 23:24:00 +0900"
[브리프]삼립 풀무원 대상 동서식품 롯데웰푸드 삼양식품 서울우유 하이...,http://www.biztribune.co.kr/news/articleView.html?idxno=331269,http://www.biztribune.co.kr/news/articleView.html?idxno=331269,빕스 <b>레시피</b> 노하우를 활용해 맛과 건강함까지 담아낸 것이 특징이다. 특히 인스타그램과 유튜브 등에서... 렌틸콩을 <b>알리오 올리오</b>와 부드러운 버터로 감싸 더욱 고소한 풍미의 '렌틸 <b>알리오 올리오</b> 피쉬' 등 건강한... ,"Thu, 20 Mar 2025 21:08:00 +0900"
"CJ푸드빌 빕스, ‘슈퍼 테이블’ 콘셉트 봄 신메뉴 선보여",http://www.lawissue.co.kr/view.php?ud=20250320174110965204ead0791_12,http://www.lawissue.co.kr/view.php?ud=20250320174110965204ead0791_12,빕스 <b>레시피</b> 노하우를 활용해 맛과 건강함까지 담아낸 것이 특징이다&quot;라며 &quot;특히 인스타그램과 유튜브... 렌틸콩을 <b>알리오 올리오</b>와 부드러운 버터로 감싸 더욱 고소한 풍미의 ‘렌틸 <b>알리오 올리오</b> 피쉬’ 등 건강한... ,"Thu, 20 Mar 2025 17:46:00 +0900"
"CJ푸드빌 빕스, ‘슈퍼 테이블’ 콘셉트 봄 신메뉴 출시",https://mdtoday.co.kr/news/view/1065594163466117,https://mdtoday.co.kr/news/view/1065594163466117,특별한 <b>레시피</b>로 맛과 건강함을 모두 잡았다. 주요 메뉴 중 하나인 '시금치 로스티드 치킨'은 SNS에서... 들어간 '렌틸 <b>알리오 올리오</b> 피쉬' 등 다양한 메뉴들이 준비되어 있다. 빕스는 또한 11번가와 함께 선착순... ,"Thu, 20 Mar 2025 17:10:00 +0900"
"빕스, 건강하게 맛있는 '슈퍼 테이블' 콘셉트 봄 신메뉴 출시",https://www.insight.co.kr/news/495978,https://www.insight.co.kr/news/495978,빕스만의 <b>레시피</b> 노하우를 활용해 맛과 건강을 동시에 잡았다. 특히 인스타그램과 유튜브 등에서 화제가... 렌틸콩을 <b>알리오 올리오</b>와 부드러운 버터로 감싸 더욱 고소한 풍미의 '렌틸 <b>알리오 올리오</b> 피쉬' 등 건강한... ,"Thu, 20 Mar 2025 17:08:00 +0900"
CJ푸드빌 빕스 '슈퍼 테이블' 콘셉트 봄 신메뉴 출시,https://www.newscj.com/news/articleView.html?idxno=3247675,https://www.newscj.com/news/articleView.html?idxno=3247675,빕스 <b>레시피</b> 노하우를 활용해 맛과 건강함까지 담아낸 것이 특징이다. 특히 인스타그램과 유튜브 등에서... 렌틸콩을 <b>알리오 올리오</b>와 부드러운 버터로 감싸 더욱 고소한 풍미의 '렌틸 <b>알리오 올리오</b> 피쉬' 등 건강한... ,"Thu, 20 Mar 2025 16:32:00 +0900"
"CJ푸드빌 빕스, '슈퍼 테이블' 콘셉트 봄 신메뉴 출시",https://www.ibabynews.com/news/articleView.html?idxno=128417,https://www.ibabynews.com/news/articleView.html?idxno=128417,빕스 <b>레시피</b> 노하우를 활용해 맛과 건강함까지 담아낸 것이 특징이다. 특히 인스타그램과 유튜브 등에서... 렌틸콩을 <b>알리오 올리오</b>와 부드러운 버터로 감싸 더욱 고소한 풍미의 '렌틸 <b>알리오 올리오</b> 피쉬' 등 건강한... ,"Thu, 20 Mar 2025 16:18:00 +0900"
